-- 建物
INSERT INTO Building (building_id, name, address, created_at, updated_at)
VALUES
(1, '本社ビル', '東京都千代田区1-1-1', CURRENT_TIMESTAMP, CURRENT_TIMESTAMP),
(2, '第2ビル', '東京都千代田区1-1-2', CURRENT_TIMESTAMP, CURRENT_TIMESTAMP),
(3, 'データセンター', '東京都江東区2-2-2', CURRENT_TIMESTAMP, CURRENT_TIMESTAMP);

-- フロア
INSERT INTO Floor (floor_id, building_id, floor_number, name, created_at, updated_at)
VALUES
(1, 1, 1, '1階', CURRENT_TIMESTAMP, CURRENT_TIMESTAMP),
(2, 1, 2, '2階', CURRENT_TIMESTAMP, CURRENT_TIMESTAMP),
(3, 1, 3, '3階', CURRENT_TIMESTAMP, CURRENT_TIMESTAMP),
(4, 2, 1, '1階', CURRENT_TIMESTAMP, CURRENT_TIMESTAMP),
(5, 2, 2, '2階', CURRENT_TIMESTAMP, CURRENT_TIMESTAMP),
(6, 3, 1, '1階', CURRENT_TIMESTAMP, CURRENT_TIMESTAMP),
(7, 3, 2, '2階', CURRENT_TIMESTAMP, CURRENT_TIMESTAMP);

-- 部屋
INSERT INTO Room (room_id, floor_id, name, room_number, created_at, updated_at)
VALUES
(1, 1, 'エントランス', '101', CURRENT_TIMESTAMP, CURRENT_TIMESTAMP),
(2, 1, '会議室1', '102', CURRENT_TIMESTAMP, CURRENT_TIMESTAMP),
(3, 2, 'オフィス1', '201', CURRENT_TIMESTAMP, CURRENT_TIMESTAMP),
(4, 2, 'サーバールーム', '202', CURRENT_TIMESTAMP, CURRENT_TIMESTAMP),
(5, 3, 'オフィス2', '301', CURRENT_TIMESTAMP, CURRENT_TIMESTAMP),
(6, 6, 'サーバールーム1', 'DC101', CURRENT_TIMESTAMP, CURRENT_TIMESTAMP),
(7, 6, 'サーバールーム2', 'DC102', CURRENT_TIMESTAMP, CURRENT_TIMESTAMP);

-- 資産
INSERT INTO Asset (
    asset_id, 
    name, 
    asset_type_code, 
    classification_code, 
    room_id, 
    description, 
    created_at, 
    updated_at
) VALUES
-- Room (room_id = 1) → 建物1, 1階, 'エントランス'
('AST001','Entrance-PC','ENDPOINT','PUBLIC', 1,
 'ビル1・1階エントランス設置の受付PC',
 CURRENT_TIMESTAMP, CURRENT_TIMESTAMP),

-- Room (room_id = 2) → 建物1, 1階, '会議室1'
('AST002','Meeting-Laptop','ENDPOINT','INTERNAL', 2,
 'ビル1・1階会議室用の共有ノートPC',
 CURRENT_TIMESTAMP, CURRENT_TIMESTAMP),

-- Room (room_id = 3) → 建物1, 2階, 'オフィス1'
('AST003','Office-Desktop-A','ENDPOINT','INTERNAL', 3,
 'ビル1・2階オフィスエリア内のデスクトップPC (A席)',
 CURRENT_TIMESTAMP, CURRENT_TIMESTAMP),

-- Room (room_id = 4) → 建物1, 2階, 'サーバールーム'
('AST004','Server-A','SERVER','CONFIDENTIAL', 4,
 'ビル1・2階サーバールームに設置の業務サーバ',
 CURRENT_TIMESTAMP, CURRENT_TIMESTAMP),

-- Room (room_id = 5) → 建物1, 3階, 'オフィス2'
('AST005','Office-Desktop-B','ENDPOINT','INTERNAL', 5,
 'ビル1・3階オフィスエリアの開発用デスクトップPC',
 CURRENT_TIMESTAMP, CURRENT_TIMESTAMP),

-- Room (room_id = 6) → 建物3, 1階, 'サーバールーム1' (データセンター)
('AST006','DC-Server-1','SERVER','CRITICAL', 6,
 'データセンター(ビル3)1階のメインサーバルーム1内サーバ',
 CURRENT_TIMESTAMP, CURRENT_TIMESTAMP),

-- Room (room_id = 7) → 建物3, 1階, 'サーバールーム2' (データセンター)
('AST007','DC-Server-2','SERVER','CRITICAL', 7,
 'データセンター(ビル3)1階のサーバルーム2内サーバ',
 CURRENT_TIMESTAMP, CURRENT_TIMESTAMP),

-- 再び room_id=4 (ビル1,2階サーバールーム) - 別サーバ例
('AST008','Server-B','SERVER','SENSITIVE', 4,
 'ビル1・2階サーバールームに追加設置のアプリサーバ',
 CURRENT_TIMESTAMP, CURRENT_TIMESTAMP),

-- 再び room_id=6 (データセンター,1階サーバールーム1) - 別資産例
('AST009','DC-SAN-Storage','DATABASE','HIGH', 6,
 'データセンター(ビル3)サーバールーム1に設置のストレージSAN',
 CURRENT_TIMESTAMP, CURRENT_TIMESTAMP),

-- 再び room_id=7 (データセンター,1階サーバールーム2) - 別資産例
('AST010','DC-Firewall','NETWORK','RESTRICTED', 7,
 'データセンター(ビル3)サーバールーム2内ファイアウォール装置',
 CURRENT_TIMESTAMP, CURRENT_TIMESTAMP);


INSERT INTO Asset (
  asset_id, 
  name, 
  asset_type_code, 
  classification_code, 
  room_id, 
  description, 
  created_at, 
  updated_at
)
VALUES
  -- [1] AST011～AST020
  ('AST011','Asset-011','SERVER','PUBLIC',1,'Room #1 (会議室/エントランス)に設置のサーバ',CURRENT_TIMESTAMP,CURRENT_TIMESTAMP),
  ('AST012','Asset-012','ENDPOINT','INTERNAL',2,'Room #2 (会議室1)に設置のノートPC',CURRENT_TIMESTAMP,CURRENT_TIMESTAMP),
  ('AST013','Asset-013','NETWORK','CONFIDENTIAL',3,'Room #3 (オフィス1)で使用するNW装置',CURRENT_TIMESTAMP,CURRENT_TIMESTAMP),
  ('AST014','Asset-014','DATABASE','SENSITIVE',4,'Room #4 (サーバールーム)のDBサーバ',CURRENT_TIMESTAMP,CURRENT_TIMESTAMP),
  ('AST015','Asset-015','APPLICATION','RESTRICTED',5,'Room #5 (オフィス2)のアプリケーションサーバ',CURRENT_TIMESTAMP,CURRENT_TIMESTAMP),
  ('AST016','Asset-016','CLOUD','HIGH',6,'Room #6 (データセンター1階サーバールーム1)連携用クラウドGW',CURRENT_TIMESTAMP,CURRENT_TIMESTAMP),
  ('AST017','Asset-017','IOT','MEDIUM',7,'Room #7 (データセンター1階サーバールーム2)にあるIoT管理ゲート',CURRENT_TIMESTAMP,CURRENT_TIMESTAMP),
  ('AST018','Asset-018','ENDPOINT','LOW',1,'Room #1に追加配備の受付PC(2台目)',CURRENT_TIMESTAMP,CURRENT_TIMESTAMP),
  ('AST019','Asset-019','SERVER','PUBLIC',2,'Room #2サーバラックに追加の検証サーバ',CURRENT_TIMESTAMP,CURRENT_TIMESTAMP),
  ('AST020','Asset-020','DATABASE','INTERNAL',3,'Room #3 (オフィス1)で動作する軽量DB',CURRENT_TIMESTAMP,CURRENT_TIMESTAMP),

  -- [2] AST021～AST030
  ('AST021','Asset-021','NETWORK','CONFIDENTIAL',4,'Room #4に設置のL3スイッチ',CURRENT_TIMESTAMP,CURRENT_TIMESTAMP),
  ('AST022','Asset-022','APPLICATION','SENSITIVE',5,'Room #5アプリサーバ(顧客情報含む)',CURRENT_TIMESTAMP,CURRENT_TIMESTAMP),
  ('AST023','Asset-023','CLOUD','RESTRICTED',6,'Room #6データセンター用クラウド接続GW',CURRENT_TIMESTAMP,CURRENT_TIMESTAMP),
  ('AST024','Asset-024','IOT','HIGH',7,'Room #7 IoTセンサー用ゲートウェイ',CURRENT_TIMESTAMP,CURRENT_TIMESTAMP),
  ('AST025','Asset-025','ENDPOINT','MEDIUM',1,'Room #1に配備の簡易タブレット',CURRENT_TIMESTAMP,CURRENT_TIMESTAMP),
  ('AST026','Asset-026','SERVER','LOW',2,'Room #2サーバールーム: 低優先度テスト用',CURRENT_TIMESTAMP,CURRENT_TIMESTAMP),
  ('AST027','Asset-027','DATABASE','PUBLIC',3,'Room #3で共有DB(在庫管理)',CURRENT_TIMESTAMP,CURRENT_TIMESTAMP),
  ('AST028','Asset-028','NETWORK','INTERNAL',4,'Room #4 NW機器(ファイアウォール含む)',CURRENT_TIMESTAMP,CURRENT_TIMESTAMP),
  ('AST029','Asset-029','APPLICATION','CONFIDENTIAL',5,'Room #5アプリケーション(内部管理)',CURRENT_TIMESTAMP,CURRENT_TIMESTAMP),
  ('AST030','Asset-030','SERVER','SENSITIVE',6,'Room #6 DCサーバ(バッチ処理)',CURRENT_TIMESTAMP,CURRENT_TIMESTAMP),

  -- [3] AST031～AST040
  ('AST031','Asset-031','CLOUD','RESTRICTED',7,'Room #7 DC拠点-マルチクラウド管理ノード',CURRENT_TIMESTAMP,CURRENT_TIMESTAMP),
  ('AST032','Asset-032','IOT','HIGH',1,'Room #1受付に設置したIoTカメラ',CURRENT_TIMESTAMP,CURRENT_TIMESTAMP),
  ('AST033','Asset-033','ENDPOINT','MEDIUM',2,'Room #2会議室ノートPC(顧客打合せ用)',CURRENT_TIMESTAMP,CURRENT_TIMESTAMP),
  ('AST034','Asset-034','SERVER','LOW',3,'Room #3オフィス内共有サーバ(テスト)',CURRENT_TIMESTAMP,CURRENT_TIMESTAMP),
  ('AST035','Asset-035','DATABASE','PUBLIC',4,'Room #4サーバールーム: ログDB',CURRENT_TIMESTAMP,CURRENT_TIMESTAMP),
  ('AST036','Asset-036','NETWORK','INTERNAL',5,'Room #5ネットワークハブ(内線電話含む)',CURRENT_TIMESTAMP,CURRENT_TIMESTAMP),
  ('AST037','Asset-037','APPLICATION','CONFIDENTIAL',6,'Room #6 DCアプリ(課金システム)',CURRENT_TIMESTAMP,CURRENT_TIMESTAMP),
  ('AST038','Asset-038','CLOUD','SENSITIVE',7,'Room #7 DCと連携するパブリッククラウド構成',CURRENT_TIMESTAMP,CURRENT_TIMESTAMP),
  ('AST039','Asset-039','IOT','RESTRICTED',1,'Room #1: 出入口センサー',CURRENT_TIMESTAMP,CURRENT_TIMESTAMP),
  ('AST040','Asset-040','ENDPOINT','HIGH',2,'Room #2会議室タブレット(重役用)',CURRENT_TIMESTAMP,CURRENT_TIMESTAMP),

  -- [4] AST041～AST050
  ('AST041','Asset-041','SERVER','MEDIUM',3,'Room #3: 小規模ファイルサーバ',CURRENT_TIMESTAMP,CURRENT_TIMESTAMP),
  ('AST042','Asset-042','DATABASE','LOW',4,'Room #4: テストDB2',CURRENT_TIMESTAMP,CURRENT_TIMESTAMP),
  ('AST043','Asset-043','NETWORK','PUBLIC',5,'Room #5: Wi-Fiアクセスポイント',CURRENT_TIMESTAMP,CURRENT_TIMESTAMP),
  ('AST044','Asset-044','APPLICATION','INTERNAL',6,'Room #6 DCアプリ: 集計バッチ',CURRENT_TIMESTAMP,CURRENT_TIMESTAMP),
  ('AST045','Asset-045','CLOUD','CONFIDENTIAL',7,'Room #7 DC: 専用クラウドVM',CURRENT_TIMESTAMP,CURRENT_TIMESTAMP),
  ('AST046','Asset-046','IOT','SENSITIVE',1,'Room #1: IoT監視カメラ(新)',CURRENT_TIMESTAMP,CURRENT_TIMESTAMP),
  ('AST047','Asset-047','ENDPOINT','RESTRICTED',2,'Room #2 VIP会議室ノートPC',CURRENT_TIMESTAMP,CURRENT_TIMESTAMP),
  ('AST048','Asset-048','SERVER','HIGH',3,'Room #3オフィス: 重要ファイルサーバ2',CURRENT_TIMESTAMP,CURRENT_TIMESTAMP),
  ('AST049','Asset-049','DATABASE','MEDIUM',4,'Room #4サーバールーム: 分析用DB',CURRENT_TIMESTAMP,CURRENT_TIMESTAMP),
  ('AST050','Asset-050','NETWORK','LOW',5,'Room #5 LANスイッチ(バックアップ)',CURRENT_TIMESTAMP,CURRENT_TIMESTAMP),

  -- [5] AST051～AST060
  ('AST051','Asset-051','APPLICATION','PUBLIC',6,'Room #6 DC内部アプリ(公開APIテスト)',CURRENT_TIMESTAMP,CURRENT_TIMESTAMP),
  ('AST052','Asset-052','CLOUD','INTERNAL',7,'Room #7 DC連携クラウド(Sandbox)',CURRENT_TIMESTAMP,CURRENT_TIMESTAMP),
  ('AST053','Asset-053','IOT','CONFIDENTIAL',1,'Room #1 IoT端末: 温度管理センサー',CURRENT_TIMESTAMP,CURRENT_TIMESTAMP),
  ('AST054','Asset-054','ENDPOINT','SENSITIVE',2,'Room #2会議室ゲスト用PC',CURRENT_TIMESTAMP,CURRENT_TIMESTAMP),
  ('AST055','Asset-055','SERVER','RESTRICTED',3,'Room #3オフィス: 人事給与サーバ',CURRENT_TIMESTAMP,CURRENT_TIMESTAMP),
  ('AST056','Asset-056','DATABASE','HIGH',4,'Room #4: 顧客情報DB(重要)',CURRENT_TIMESTAMP,CURRENT_TIMESTAMP),
  ('AST057','Asset-057','NETWORK','MEDIUM',5,'Room #5: VPNルータ(拠点間)',CURRENT_TIMESTAMP,CURRENT_TIMESTAMP),
  ('AST058','Asset-058','APPLICATION','LOW',6,'Room #6 DCアプリ: モニタリングUI',CURRENT_TIMESTAMP,CURRENT_TIMESTAMP),
  ('AST059','Asset-059','CLOUD','PUBLIC',7,'Room #7 DC: パブリッククラウドテスト環境',CURRENT_TIMESTAMP,CURRENT_TIMESTAMP),
  ('AST060','Asset-060','IOT','INTERNAL',1,'Room #1: ビル管理IoT(照明/空調制御)',CURRENT_TIMESTAMP,CURRENT_TIMESTAMP),

  -- [6] AST061～AST070
  ('AST061','Asset-061','ENDPOINT','CONFIDENTIAL',2,'Room #2ノートPC(報告資料作成用)',CURRENT_TIMESTAMP,CURRENT_TIMESTAMP),
  ('AST062','Asset-062','SERVER','SENSITIVE',3,'Room #3オフィス: コミュニケーションサーバ',CURRENT_TIMESTAMP,CURRENT_TIMESTAMP),
  ('AST063','Asset-063','DATABASE','RESTRICTED',4,'Room #4サーバールーム: 監査ログDB',CURRENT_TIMESTAMP,CURRENT_TIMESTAMP),
  ('AST064','Asset-064','NETWORK','HIGH',5,'Room #5: コアスイッチ(社内全般)',CURRENT_TIMESTAMP,CURRENT_TIMESTAMP),
  ('AST065','Asset-065','APPLICATION','MEDIUM',6,'Room #6 DC: バックオフィスアプリ',CURRENT_TIMESTAMP,CURRENT_TIMESTAMP),
  ('AST066','Asset-066','CLOUD','LOW',7,'Room #7 DC: Dev環境クラウド',CURRENT_TIMESTAMP,CURRENT_TIMESTAMP),
  ('AST067','Asset-067','IOT','PUBLIC',1,'Room #1: 入退館用QRスキャナ',CURRENT_TIMESTAMP,CURRENT_TIMESTAMP),
  ('AST068','Asset-068','ENDPOINT','INTERNAL',2,'Room #2プロジェクタPC',CURRENT_TIMESTAMP,CURRENT_TIMESTAMP),
  ('AST069','Asset-069','SERVER','CONFIDENTIAL',3,'Room #3オフィス: 分散ファイルサーバ',CURRENT_TIMESTAMP,CURRENT_TIMESTAMP),
  ('AST070','Asset-070','DATABASE','SENSITIVE',4,'Room #4: 納税情報DB',CURRENT_TIMESTAMP,CURRENT_TIMESTAMP),

  -- [7] AST071～AST080
  ('AST071','Asset-071','NETWORK','RESTRICTED',5,'Room #5: DMZ用ファイアウォール',CURRENT_TIMESTAMP,CURRENT_TIMESTAMP),
  ('AST072','Asset-072','APPLICATION','HIGH',6,'Room #6 DC: ECサイトアプリ本番',CURRENT_TIMESTAMP,CURRENT_TIMESTAMP),
  ('AST073','Asset-073','CLOUD','MEDIUM',7,'Room #7 DC: クラウドDRサイト',CURRENT_TIMESTAMP,CURRENT_TIMESTAMP),
  ('AST074','Asset-074','IOT','LOW',1,'Room #1: 受付ロボット(実験機)',CURRENT_TIMESTAMP,CURRENT_TIMESTAMP),
  ('AST075','Asset-075','ENDPOINT','PUBLIC',2,'Room #2: 客先打ち合わせ用タブレット',CURRENT_TIMESTAMP,CURRENT_TIMESTAMP),
  ('AST076','Asset-076','SERVER','INTERNAL',3,'Room #3: ファイル共有サーバ(部署横断)',CURRENT_TIMESTAMP,CURRENT_TIMESTAMP),
  ('AST077','Asset-077','DATABASE','CONFIDENTIAL',4,'Room #4: 証跡記録用DB',CURRENT_TIMESTAMP,CURRENT_TIMESTAMP),
  ('AST078','Asset-078','NETWORK','SENSITIVE',5,'Room #5: 外部接続ゲート(ルーティング)',CURRENT_TIMESTAMP,CURRENT_TIMESTAMP),
  ('AST079','Asset-079','APPLICATION','RESTRICTED',6,'Room #6 DC: 統計レポート作成アプリ',CURRENT_TIMESTAMP,CURRENT_TIMESTAMP),
  ('AST080','Asset-080','CLOUD','HIGH',7,'Room #7 DC: ハイブリッドクラウドPoC',CURRENT_TIMESTAMP,CURRENT_TIMESTAMP),

  -- [8] AST081～AST090
  ('AST081','Asset-081','IOT','MEDIUM',1,'Room #1: カメラ連携IoT警備端末',CURRENT_TIMESTAMP,CURRENT_TIMESTAMP),
  ('AST082','Asset-082','ENDPOINT','LOW',2,'Room #2: ミーティング用ミニPC',CURRENT_TIMESTAMP,CURRENT_TIMESTAMP),
  ('AST083','Asset-083','SERVER','PUBLIC',3,'Room #3: テスト用Webサーバ(公開)',CURRENT_TIMESTAMP,CURRENT_TIMESTAMP),
  ('AST084','Asset-084','DATABASE','INTERNAL',4,'Room #4: 社員情報DB(機微)',CURRENT_TIMESTAMP,CURRENT_TIMESTAMP),
  ('AST085','Asset-085','NETWORK','CONFIDENTIAL',5,'Room #5: VLAN管理スイッチ',CURRENT_TIMESTAMP,CURRENT_TIMESTAMP),
  ('AST086','Asset-086','APPLICATION','SENSITIVE',6,'Room #6 DC: 財務会計アプリ',CURRENT_TIMESTAMP,CURRENT_TIMESTAMP),
  ('AST087','Asset-087','CLOUD','RESTRICTED',7,'Room #7 DC: 仮想マシン群(秘密鍵保持)',CURRENT_TIMESTAMP,CURRENT_TIMESTAMP),
  ('AST088','Asset-088','IOT','HIGH',1,'Room #1: 次世代IoT制御端末',CURRENT_TIMESTAMP,CURRENT_TIMESTAMP),
  ('AST089','Asset-089','ENDPOINT','MEDIUM',2,'Room #2: 受付タブレット(予約管理)',CURRENT_TIMESTAMP,CURRENT_TIMESTAMP),
  ('AST090','Asset-090','SERVER','LOW',3,'Room #3: スタンドアロン用途サーバ(実験)',CURRENT_TIMESTAMP,CURRENT_TIMESTAMP),

  -- [9] AST091～AST100
  ('AST091','Asset-091','DATABASE','PUBLIC',4,'Room #4: 公共データ集計DB',CURRENT_TIMESTAMP,CURRENT_TIMESTAMP),
  ('AST092','Asset-092','NETWORK','INTERNAL',5,'Room #5: 負荷分散装置(ロードバランサ)',CURRENT_TIMESTAMP,CURRENT_TIMESTAMP),
  ('AST093','Asset-093','APPLICATION','CONFIDENTIAL',6,'Room #6 DC: 分析ダッシュボード(社内機密)',CURRENT_TIMESTAMP,CURRENT_TIMESTAMP),
  ('AST094','Asset-094','CLOUD','SENSITIVE',7,'Room #7 DC: 拡張テスト用クラウド環境',CURRENT_TIMESTAMP,CURRENT_TIMESTAMP),
  ('AST095','Asset-095','IOT','RESTRICTED',1,'Room #1: 室温/湿度自動制御モジュール',CURRENT_TIMESTAMP,CURRENT_TIMESTAMP),
  ('AST096','Asset-096','ENDPOINT','HIGH',2,'Room #2: 役員専用ノートPC',CURRENT_TIMESTAMP,CURRENT_TIMESTAMP),
  ('AST097','Asset-097','SERVER','MEDIUM',3,'Room #3: 共同作業用ファイルサーバ2',CURRENT_TIMESTAMP,CURRENT_TIMESTAMP),
  ('AST098','Asset-098','DATABASE','LOW',4,'Room #4: ログ解析DB(低機密)',CURRENT_TIMESTAMP,CURRENT_TIMESTAMP),
  ('AST099','Asset-099','NETWORK','PUBLIC',5,'Room #5: 予備ルータ(非常用)',CURRENT_TIMESTAMP,CURRENT_TIMESTAMP),
  ('AST100','Asset-100','APPLICATION','INTERNAL',6,'Room #6 DC: HR勤怠管理システム',CURRENT_TIMESTAMP,CURRENT_TIMESTAMP),

  -- [10] AST101～AST110
  ('AST101','Asset-101','CLOUD','CONFIDENTIAL',7,'Room #7 DC: 機密VMクラスタ',CURRENT_TIMESTAMP,CURRENT_TIMESTAMP),
  ('AST102','Asset-102','IOT','SENSITIVE',1,'Room #1: スマート照明制御(新)',CURRENT_TIMESTAMP,CURRENT_TIMESTAMP),
  ('AST103','Asset-103','ENDPOINT','RESTRICTED',2,'Room #2: セキュアノートPC(暗号HDD)',CURRENT_TIMESTAMP,CURRENT_TIMESTAMP),
  ('AST104','Asset-104','SERVER','HIGH',3,'Room #3: Gitリポジトリサーバ(社内共通)',CURRENT_TIMESTAMP,CURRENT_TIMESTAMP),
  ('AST105','Asset-105','DATABASE','MEDIUM',4,'Room #4: 開発ログDB(中規模)',CURRENT_TIMESTAMP,CURRENT_TIMESTAMP),
  ('AST106','Asset-106','NETWORK','LOW',5,'Room #5: オフィス内LAN増設ハブ',CURRENT_TIMESTAMP,CURRENT_TIMESTAMP),
  ('AST107','Asset-107','APPLICATION','PUBLIC',6,'Room #6 DC: お知らせ配信アプリ(外部公開)',CURRENT_TIMESTAMP,CURRENT_TIMESTAMP),
  ('AST108','Asset-108','CLOUD','INTERNAL',7,'Room #7 DC: プライベートクラウド環境',CURRENT_TIMESTAMP,CURRENT_TIMESTAMP),
  ('AST109','Asset-109','IOT','CONFIDENTIAL',1,'Room #1: 特殊センサー(研究用途)',CURRENT_TIMESTAMP,CURRENT_TIMESTAMP),
  ('AST110','Asset-110','ENDPOINT','SENSITIVE',2,'Room #2: セミナー用ラップトップ一式',CURRENT_TIMESTAMP,CURRENT_TIMESTAMP);

-- 資産所有者
INSERT INTO AssetOwner (asset_owner_id, asset_id, owner_id, responsibility_code, created_at, updated_at)
VALUES
(1, 'AST001', 1, 'OWNER', CURRENT_TIMESTAMP, CURRENT_TIMESTAMP),
(2, 'AST002', 1, 'OWNER', CURRENT_TIMESTAMP, CURRENT_TIMESTAMP),
(3, 'AST003', 1, 'OWNER', CURRENT_TIMESTAMP, CURRENT_TIMESTAMP),
(4, 'AST004', 1, 'OWNER', CURRENT_TIMESTAMP, CURRENT_TIMESTAMP),
(5, 'AST005', 1, 'OWNER', CURRENT_TIMESTAMP, CURRENT_TIMESTAMP),
(6, 'AST006', 2, 'OWNER', CURRENT_TIMESTAMP, CURRENT_TIMESTAMP),
(7, 'AST007', 2, 'OWNER', CURRENT_TIMESTAMP, CURRENT_TIMESTAMP),
(8, 'AST008', 2, 'OWNER', CURRENT_TIMESTAMP, CURRENT_TIMESTAMP),
(9, 'AST009', 1, 'OWNER', CURRENT_TIMESTAMP, CURRENT_TIMESTAMP),
(10, 'AST010', 1, 'OWNER', CURRENT_TIMESTAMP, CURRENT_TIMESTAMP);

-- 資産属性
INSERT INTO AssetAttribute (
    asset_attribute_id,
    asset_id,
    confidentiality_level,
    integrity_level,
    availability_level,
    contains_personal_data,
    created_at,
    updated_at
) VALUES
(1, 'AST001', 3, 3, 3, false, CURRENT_TIMESTAMP, CURRENT_TIMESTAMP),
(2, 'AST002', 3, 3, 3, true, CURRENT_TIMESTAMP, CURRENT_TIMESTAMP),
(3, 'AST003', 3, 3, 2, false, CURRENT_TIMESTAMP, CURRENT_TIMESTAMP),
(4, 'AST004', 3, 3, 3, false, CURRENT_TIMESTAMP, CURRENT_TIMESTAMP),
(5, 'AST005', 3, 3, 3, false, CURRENT_TIMESTAMP, CURRENT_TIMESTAMP),
(6, 'AST006', 2, 2, 2, false, CURRENT_TIMESTAMP, CURRENT_TIMESTAMP),
(7, 'AST007', 2, 2, 2, false, CURRENT_TIMESTAMP, CURRENT_TIMESTAMP),
(8, 'AST008', 2, 2, 2, false, CURRENT_TIMESTAMP, CURRENT_TIMESTAMP),
(9, 'AST009', 3, 3, 3, true, CURRENT_TIMESTAMP, CURRENT_TIMESTAMP),
(10, 'AST010', 3, 3, 3, true, CURRENT_TIMESTAMP, CURRENT_TIMESTAMP); 